{"Accuracy": 0.8220338983050848, "Precision": 0.7681159420289855, "Recall": 0.9137931034482759, "F1-score": 0.8346456692913387}