{"theta_0": 1.094299482857937, "theta_1": 0.5191914326564406, "theta_2": 0.9755409681088121, "theta_3": -1.7780778520083311, "theta_4": -0.9005677424430245, "theta_5": -1.0012279748464266, "theta_6": 0.10145817221196692, "theta_7": -0.32040075498438747, "theta_8": -0.32276201957926576, "theta_9": -0.1728887422303999, "theta_10": -1.3980394528415439, "theta_11": -0.030268056540134182, "theta_12": -0.5325283660219662, "theta_13": -0.3263083118839568, "theta_14": -0.9528022650389769, "theta_15": -0.24841796147345102, "theta_16": -0.17747365178664354, "theta_17": -0.055349216114925784, "theta_18": -0.2369961290056189, "theta_19": -0.2684572287789843, "theta_20": -0.4242863270374207, "theta_21": -1.0307164681030723, "theta_22": 0.05567632499359841, "theta_23": -0.2760438298685328, "theta_24": 0.004866737701588231, "theta_25": -0.2771429845899499, "theta_26": -0.1764517049896071, "theta_27": -0.7809040502417337}